Country Name;Country Code;Time;Time Code;Agriculture, forestry, and fishing, value added (% of GDP);Annual freshwater withdrawals, total (% of internal resources);CO2 emissions (metric tons per capita);Exports of goods and services (% of GDP);GDP (current US$);GDP growth (annual %);GNI per capita, Atlas method (current US$);GNI, Atlas method (current US$);Inflation, GDP deflator (annual %);Life expectancy at birth, total (years);Mortality rate, under-5 (per 1,000 live births);Population, total;Urban population growth (annual %);Electric power consumption (kWh per capita);Population growth (annual %)
Argentina;ARG;2000;YR2000;4.679910944;10.39956336;3.56791849;10.98637523;2.84204E+11;-0.788998939;7430;2.75544E+11;1.037287101;73.926;19.7;37070774;1.346646898;2077.539573;1.133277022
Argentina;ARG;2001;YR2001;4.568589609;10.62750778;3.341877067;11.57900808;2.68697E+11;-4.408839683;6960;2.60812E+11;-1.095767718;74.186;19;37480493;1.308731698;2108.990402;1.09917146
Argentina;ARG;2002;YR2002;10.20664671;10.85545221;3.100488668;28.382597;97724004252;-10.89448483;4020;1.52402E+11;30.55520405;74.408;18.3;37885028;1.275955188;2003.667517;1.07353835
Argentina;ARG;2003;YR2003;10.32816694;11.08339664;3.334890879;25.93094293;1.27587E+11;8.837040796;3640;1.39193E+11;10.49570302;74.08;17.7;38278164;1.228792108;2169.487544;1.032360859
Argentina;ARG;2004;YR2004;8.36248661;11.31134106;3.65608487;23.84761942;1.64658E+11;9.029573301;3360;1.29809E+11;18.36335425;74.855;17.1;38668796;1.209159175;2282.822563;1.015336684
Argentina;ARG;2005;YR2005;7.938754274;11.53928549;3.736716865;23.24587673;1.98737E+11;8.85165992;4240;1.65719E+11;10.3175112;75.139;16.6;39070501;1.223592348;2397.486533;1.033476224
Argentina;ARG;2006;YR2006;6.935572291;11.76722992;3.924261841;23.0266946;2.32557E+11;8.0471515;5460;2.15445E+11;13.74105249;75.433;16.1;39476851;1.222209318;2362.853106;1.034671736
Argentina;ARG;2007;YR2007;7.452353946;11.99517435;4.083151439;22.66275031;2.87531E+11;9.007650875;6480;2.58429E+11;14.93992502;75.006;15.7;39876111;1.190161258;2443.844135;1.006297331
Argentina;ARG;2008;YR2008;7.318954597;12.22311877;4.15237521;22.06090038;3.61558E+11;4.057233103;7630;3.07364E+11;23.17116498;75.641;15.4;40273769;1.173614884;2759.51327;0.992294094
Argentina;ARG;2009;YR2009;5.273623469;12.4510632;3.848348227;19.56098506;3.32976E+11;-5.918525076;7760;3.15586E+11;15.37764937;75.936;15;40684338;1.191967816;2716.598215;1.014283893
Argentina;ARG;2010;YR2010;7.132167451;12.67900763;4.09984414;18.93382341;4.23627E+11;10.12539816;9270;3.78241E+11;20.91512427;75.721;14.5;40788453;0.429649599;2877.652653;0.255582398
Argentina;ARG;2011;YR2011;6.99873377;12.90753425;4.281028145;18.44920915;5.30158E+11;6.003951693;10710;4.42036E+11;23.70347218;76.124;13.9;41261490;1.308141316;2929.075029;1.15305928
Argentina;ARG;2012;YR2012;5.781744207;12.90753425;4.264111002;16.23785946;5.45982E+11;-1.026420454;11890;4.96045E+11;22.31488067;76.467;13.3;41733271;1.280773703;3000.603523;1.136905694
Argentina;ARG;2013;YR2013;6.052918437;12.90753425;4.34225013;14.61717339;5.52025E+11;2.405323781;12870;5.43284E+11;23.94879842;76.491;12.7;42202935;1.25948243;2967.376558;1.1191092
Argentina;ARG;2014;YR2014;6.712703514;12.90753425;4.209111895;14.40547859;5.2632E+11;-2.512615321;12350;5.26785E+11;40.28297163;76.755;12.2;42669500;1.239638679;3074.702071;1.099461091
Argentina;ARG;2015;YR2015;5.156685902;12.90753425;4.301913806;10.70565205;5.94749E+11;2.731159828;12600;5.4328E+11;26.5799916;76.76;11.6;43131966;1.215797063;..;1.078001344
Argentina;ARG;2016;YR2016;6.26456582;12.90753425;4.201815869;12.52709517;5.57532E+11;-2.080327844;12220;5.32504E+11;41.11937999;76.308;11;43590368;1.192602919;..;1.057181578
Argentina;ARG;2017;YR2017;5.231622377;12.90753425;4.070111687;11.32028336;6.43628E+11;2.818502978;13140;5.78798E+11;26.00637928;76.833;10.3;44044811;1.170195959;..;1.037133897
Argentina;ARG;2018;YR2018;4.537878897;12.90753425;3.975650744;14.43668575;5.2482E+11;-2.617396463;12430;5.53193E+11;42.03366896;76.999;9.5;44494502;1.147602159;..;1.015808349
Argentina;ARG;2019;YR2019;5.318555997;12.90753425;3.742029812;17.92487838;4.47755E+11;-2.000861003;11220;5.04056E+11;49.19557906;77.284;8.6;44938712;1.125019726;..;0.993397493
Argentina;ARG;2020;YR2020;6.12846695;12.90753425;3.40561754;16.6108724;3.8554E+11;-9.943235134;9010;4.08849E+11;40.07688303;75.892;7.7;45376763;1.100415053;..;0.970053991
Argentina;ARG;2021;YR2021;7.131541047;..;..;18.03422899;4.87227E+11;10.39824946;9960;4.56139E+11;54.15241194;75.39;6.9;45808747;1.075515039;..;0.947490959
Argentina;ARG;2022;YR2022;6.444169171;..;..;16.77803682;6.3277E+11;5.243044499;11620;5.3702E+11;69.68286091;..;..;46234830;1.053695664;..;0.925835474
Brazil;BRA;2000;YR2000;4.750459976;0.991167638;1.783500116;10.188048;6.55448E+11;4.387949447;3910;6.87478E+11;5.606065141;69.737;34.7;175873720;2.227693974;1885.665465;1.36677133
Brazil;BRA;2001;YR2001;4.801043016;0.99682035;1.792112278;12.37171067;5.59984E+11;1.389896401;3330;5.93935E+11;8.225094321;70.195;32.5;178211881;1.764333912;1737.976157;1.320694758
Brazil;BRA;2002;YR2002;5.475274893;1.002473061;1.760651244;14.23059027;5.09795E+11;3.053461859;3080;5.56554E+11;9.798112238;70.41;30.4;180476685;1.663006484;1797.268162;1.262841536
Brazil;BRA;2003;YR2003;6.167184386;1.008125773;1.701852536;15.18078371;5.58234E+11;1.140828998;2980;5.43481E+11;14.09102152;70.72;28.4;182629278;1.579372654;1873.812369;1.185669439
Brazil;BRA;2004;YR2004;5.665311576;1.013778484;1.778441244;16.54576151;6.69289E+11;5.759964637;3340;6.16154E+11;7.752060763;71.131;26.5;184722043;1.525494072;1948.58174;1.139393012
Brazil;BRA;2005;YR2005;4.651168823;1.019431196;1.775662922;15.24382927;8.91634E+11;3.202132061;3980;7.43914E+11;7.431224753;71.753;24.8;186797334;1.495783047;2008.56721;1.117202878
Brazil;BRA;2006;YR2006;4.370043778;1.025083907;1.777477957;14.3743163;1.10763E+12;3.961988711;4830;9.12924E+11;6.774274119;72.037;23.2;188820682;1.449695025;2065.192202;1.077353846
Brazil;BRA;2007;YR2007;4.416915436;1.099099099;1.847975736;13.3276751;1.39711E+12;6.069870607;6170;1.17751E+12;6.439038087;72.365;21.8;190779453;1.398193688;2160.232633;1.032027233
Brazil;BRA;2008;YR2008;4.567851183;1.172955308;1.939215274;13.53400051;1.69586E+12;5.094195447;7590;1.46269E+12;8.778552724;72.715;20.6;192672317;1.347339007;2222.415792;0.987284203
Brazil;BRA;2009;YR2009;4.476773992;1.246879968;1.799328142;10.85137113;1.667E+12;-0.125812002;8300;1.61403E+12;7.313482746;72.948;19.6;194517549;1.30477188;2189.997778;0.953147865
Brazil;BRA;2010;YR2010;4.115756488;1.320804628;2.026605669;10.86558477;2.20884E+12;7.528225818;9610;1.88791E+12;8.423338337;73.182;18.6;196353492;1.28506681;2366.38012;0.939418022
Brazil;BRA;2011;YR2011;4.342034128;1.277435524;2.11062776;11.58251268;2.61616E+12;3.974423079;11040;2.18896E+12;8.318592219;73.343;17.9;198185302;1.278956661;2422.576221;0.92858963
Brazil;BRA;2012;YR2012;4.168328222;1.234066419;2.271417684;11.87753907;2.46523E+12;1.921175986;12270;2.45381E+12;7.943126941;73.552;17.2;199977707;1.244776637;2492.837864;0.900343361
Brazil;BRA;2013;YR2013;4.506886182;1.190697315;2.413446537;11.74223064;2.47282E+12;3.004822669;12750;2.5711E+12;7.504564533;73.918;16.7;201721767;1.204555809;2560.09556;0.86834615
Brazil;BRA;2014;YR2014;4.325610537;1.148595654;2.51459196;11.01194282;2.45604E+12;0.50395574;12080;2.45701E+12;7.846709744;74.306;16.3;203459650;1.189409325;2610.999282;0.857834829
Brazil;BRA;2015;YR2015;4.319149428;1.128069246;2.365360621;12.90019142;1.80221E+12;-3.545763393;10160;2.08425E+12;7.566175012;74.332;15.9;205188205;1.170641414;..;0.845992601
Brazil;BRA;2016;YR2016;4.891353587;1.171347818;2.161259847;12.46667904;1.79569E+12;-3.275916908;8890;1.83999E+12;8.103604359;74.442;16.7;206859578;1.127882077;..;0.811256478
Brazil;BRA;2017;YR2017;4.600591694;1.160219043;2.185486619;12.51896787;2.06351E+12;1.322869054;8670;1.8085E+12;3.671384513;74.827;15.4;208504960;1.102096588;..;0.7922634
Brazil;BRA;2018;YR2018;4.420399304;1.174704116;2.064261479;14.6349995;1.91693E+12;1.783666762;9140;1.92005E+12;4.493534331;75.109;15.2;210166592;1.094558477;..;0.793768154
Brazil;BRA;2019;YR2019;4.205014096;1.191308956;2.050770129;14.12291919;1.87329E+12;1.220777824;9220;1.95307E+12;4.224258869;75.338;14.9;211782878;1.060237553;..;0.766107802
Brazil;BRA;2020;YR2020;5.711485117;1.186892775;1.942523356;16.453552;1.47611E+12;-3.276758796;7910;1.68636E+12;6.472499608;74.009;14.7;213196304;0.951553411;..;0.665176682
Brazil;BRA;2021;YR2021;7.486921328;..;..;19.56167634;1.64962E+12;4.988849701;7900;1.69282E+12;11.38406697;72.75;14.4;214326223;0.808423004;..;0.528590453
Brazil;BRA;2022;YR2022;6.813181971;..;..;20.04553801;1.9201E+12;2.900530615;8140;1.75319E+12;8.28319419;..;..;215313498;0.731782792;..;0.459583548
Bolivia;BOL;2000;YR2000;12.96581188;0.64851813;0.943608123;18.27474497;8397855937;2.507810809;960;8287220403;5.195405208;62.346;75.6;8592656;2.653839287;407.4409589;1.803790492
Bolivia;BOL;2001;YR2001;13.25565367;0.653483767;0.893302648;19.97214923;8141517339;1.683799127;940;8178334352;1.870093658;62.843;71.4;8746084;2.60629659;408.7543637;1.769817239
Bolivia;BOL;2002;YR2002;12.95511863;0.658449403;0.936961096;21.63445508;7905485146;2.485565738;900;8013320111;2.820757397;63.306;67.3;8900583;2.513734308;422.3318855;1.751072288
Bolivia;BOL;2003;YR2003;13.42723696;0.66341504;0.980272657;25.60073445;8082399991;2.711339837;890;8087242066;6.329992293;63.635;63.5;9057378;2.484199244;429.9257467;1.746289399
Bolivia;BOL;2004;YR2004;13.32238364;0.668380677;1.018024736;31.13839052;8773451752;4.173295589;940;8660905000;7.967709509;64.004;59.8;9216279;2.468558749;439.9823399;1.739170274
Bolivia;BOL;2005;YR2005;11.79272153;0.673346313;1.053918213;35.54814293;9549122313;4.421433127;1000;9396905458;5.94079763;64.386;56.3;9377388;2.450839931;469.2138152;1.732988249
Bolivia;BOL;2006;YR2006;10.93754805;0.67831195;1.122841706;41.77171427;11451845379;4.797008824;1090;10417513015;13.66367954;64.779;53.1;9542663;2.458320969;499.1269209;1.747132755
Bolivia;BOL;2007;YR2007;10.01115567;0.683277586;1.226167606;41.79565675;13120107739;4.564384269;1210;11706816453;7.373353861;65.027;50;9711152;2.450263701;530.2151588;1.750232887
Bolivia;BOL;2008;YR2008;10.44240412;0.687973641;1.288809285;44.90655599;16674276979;6.148497875;1450;14340297868;10.38118176;65.446;47.1;9880593;2.423400168;519.3008152;1.729761436
Bolivia;BOL;2009;YR2009;11.15240745;0.687973641;1.350111632;35.72262483;17339992194;3.356999574;1600;16050387751;-2.419894328;65.88;44.4;10051317;2.395901813;537.5414983;1.713114049
Bolivia;BOL;2010;YR2010;10.3899057;0.687973641;1.438111289;41.18745614;19649724656;4.126722591;1750;17900908677;8.777508116;66.162;41.9;10223270;2.369926001;586.3094685;1.696282376
Bolivia;BOL;2011;YR2011;9.769585882;0.687973641;1.538218699;44.09170185;23963162969;5.204092443;1970;20429897520;14.60235424;66.534;39.5;10396246;2.343987829;617.9153514;1.677828499
Bolivia;BOL;2012;YR2012;9.812161915;0.687973641;1.604681761;47.16619662;27084497482;5.122275581;2210;23313311269;7.100275501;66.705;37.3;10569697;2.311919714;642.5917413;1.654635399
Bolivia;BOL;2013;YR2013;9.966979477;0.687973641;1.686987922;44.09247953;30659338886;6.796011428;2540;27255101519;5.995388369;67.021;35.2;10743349;2.198400311;682.9341577;1.629573199
Bolivia;BOL;2014;YR2014;9.740217538;0.687973641;1.7842194;43.29308799;32996188017;5.460569506;2780;30352501101;2.049497726;67.163;33.3;10916987;2.116034377;728.2229062;1.603315107
Bolivia;BOL;2015;YR2015;10.23949411;0.687973641;1.803674183;30.86829603;33000198249;4.85718718;2900;32208419843;-4.620602258;67.318;31.6;11090085;2.080332797;..;1.57314494
Bolivia;BOL;2016;YR2016;11.17187542;0.687973641;1.893693651;24.48800554;33941126194;4.263920864;2970;33490607690;-1.354870581;67.628;30.2;11263015;2.050452435;..;1.547288296
Bolivia;BOL;2017;YR2017;11.58933594;0.687973641;1.891315429;24.90414437;37508642171;4.195206334;3020;34575847667;6.061399962;67.701;28.9;11435533;2.016417375;..;1.520108881
Bolivia;BOL;2018;YR2018;11.48192415;0.687973641;1.88518817;25.98879506;40287647931;4.223623653;3290;38242657886;3.056265753;67.748;27.7;11606905;1.985657203;..;1.487474197
Bolivia;BOL;2019;YR2019;12.22175758;0.687973641;1.853461506;24.96726228;40895322851;2.21670564;3440;40542447637;-0.693003272;67.841;26.6;11777315;1.95751015;..;1.457504391
Bolivia;BOL;2020;YR2020;14.00093054;0.687973641;1.539464696;20.27258979;36629843806;-8.737884358;3120;37214471748;-1.854386683;64.467;25.6;11936162;1.84011335;..;1.33973922
Bolivia;BOL;2021;YR2021;12.92225272;..;..;27.82390202;40408208524;6.105804204;3290;39785726301;3.966970333;63.63;24.7;12079472;1.694205951;..;1.193486719
Bolivia;BOL;2022;YR2022;..;..;..;..;43068885673;3.070054644;3450;42221784380;3.409760526;..;..;12224110;1.692732516;..;1.190274813
Chile;CHL;2000;YR2000;5.082962431;3.269675545;3.284598763;30.12375388;78249883996;4.971621488;5080;77935156152;4.560043487;76.87;10.9;15351799;1.492362852;2497.752869;1.149041725
Chile;CHL;2001;YR2001;4.062420264;3.391308717;3.119374428;31.84731127;71517267768;3.154034925;4820;74868558438;4.277146982;76.773;10.3;15523978;1.451668793;2627.354922;1.115313048
Chile;CHL;2002;YR2002;4.065033248;3.512941889;3.129989633;32.25722035;70295232513;3.202799135;4570;71720503428;3.340660372;77.445;9.8;15693790;1.368907632;2726.237575;1.087929636
Chile;CHL;2003;YR2003;4.094775331;3.630589185;3.165410522;35.06097453;76507853876;4.723245269;4620;73254188607;4.300300884;77.387;9.5;15859112;1.116009889;2896.06379;1.047913202
Chile;CHL;2004;YR2004;3.758265825;3.752219532;3.431902652;39.68574951;99079365628;6.674254168;5260;84244546840;7.024761707;77.616;9.3;16017966;1.065885323;3063.872155;0.996674256
Chile;CHL;2005;YR2005;3.922211938;3.873849879;3.460143672;40.17557201;1.22315E+11;5.837045719;6270;1.01384E+11;7.120315352;78.016;9.1;16175311;1.044364784;3097.065645;0.977510012
Chile;CHL;2006;YR2006;3.712045144;3.995480226;3.498597301;43.8656742;1.5384E+11;6.049990826;7430;1.21377E+11;12.34989592;78.261;9;16334575;1.047762223;3226.346569;0.979795956
Chile;CHL;2007;YR2007;3.550571089;3.996384181;3.91463437;45.1298519;1.72566E+11;5.168230985;8790;1.45042E+11;5.088757067;77.826;8.9;16495538;1.047355646;3346.480727;0.980589313
Chile;CHL;2008;YR2008;3.424432261;3.996384181;4.080770343;41.16256079;1.79663E+11;3.789392806;10060;1.67565E+11;0.311132499;78.484;8.9;16661462;1.068716339;3347.665409;1.00084679
Chile;CHL;2009;YR2009;3.697126956;3.996384181;3.888128201;37.1156348;1.71413E+11;-1.118037236;9980;1.67943E+11;3.577795042;78.741;8.8;16833447;1.093618177;3306.86876;1.026941208
Chile;CHL;2010;YR2010;3.478284632;3.996384181;4.101883998;37.90399432;2.17105E+11;5.851651022;10820;1.84061E+11;8.857441489;78.501;8.7;17004162;1.074513723;3318.305248;1.009033756
Chile;CHL;2011;YR2011;3.626183236;3.996384181;4.452800824;37.68978027;2.51225E+11;6.223896785;11970;2.05609E+11;3.260514866;79.11;8.5;17173573;1.057951582;3596.106646;0.991361115
Chile;CHL;2012;YR2012;3.27493354;3.996384181;4.521602782;33.8455905;2.67176E+11;6.155340019;14310;2.48216E+11;0.763466681;79.023;8.4;17341771;1.040031087;3820.371057;0.974635116
Chile;CHL;2013;YR2013;3.473375328;3.996384181;4.740083124;32.08746359;2.77239E+11;3.308508247;15230;2.66743E+11;2.260770609;79.339;8.3;17509925;1.030327214;3893.506112;0.964976309
Chile;CHL;2014;YR2014;3.94662063;3.996384181;4.328593459;33.00390297;2.59405E+11;1.792649471;14830;2.62315E+11;5.852891626;79.473;8.1;17687108;1.072127884;3895.436156;1.006814959
Chile;CHL;2015;YR2015;3.709404275;3.996384181;4.603236105;29.19107949;2.42497E+11;2.1519425;14210;2.53967E+11;4.95436553;79.746;8;17870124;1.094691346;..;1.029425554
Chile;CHL;2016;YR2016;4.199089371;3.996384181;4.783525703;27.92315811;2.49299E+11;1.753038749;13440;2.43E+11;4.560656037;80.079;7.8;18083879;1.260010542;..;1.189061026
Chile;CHL;2017;YR2017;4.280971614;3.996384181;4.743802419;28.33137683;2.76365E+11;1.357695373;13340;2.44995E+11;4.828191886;80.35;7.6;18368577;1.639806835;..;1.562055456
Chile;CHL;2018;YR2018;3.927435925;3.996384181;4.629657059;28.52904474;2.95403E+11;3.990029478;14600;2.73092E+11;1.590199737;80.133;7.4;18701450;1.880510218;..;1.795962799
Chile;CHL;2019;YR2019;3.983320081;3.996384181;4.827620075;27.8432682;2.78493E+11;0.743130031;14830;2.82311E+11;2.572598208;80.326;7.1;19039485;1.881570024;..;1.791391972
Chile;CHL;2020;YR2020;4.041989546;3.996384181;4.395151064;31.30376959;2.54096E+11;-6.145246857;13010;2.51075E+11;9.637413655;79.377;6.9;19300315;1.456438123;..;1.360643634
Chile;CHL;2021;YR2021;3.645349201;..;..;31.97966769;3.16714E+11;11.73743107;14800;2.88415E+11;6.797841234;78.944;6.6;19493184;1.096883013;..;0.994344898
Chile;CHL;2022;YR2022;3.544385695;..;..;35.67072536;3.01025E+11;2.440403398;15360;3.0117E+11;6.642306168;..;..;19603733;0.673638885;..;0.565514128
Colombia;COL;2000;YR2000;8.305719533;0.361118881;1.504406398;15.91513972;99875074935;2.924861483;2360;92669093766;33.67537051;71.32;25.1;39215135;2.198864928;854.5425127;1.619831406
Colombia;COL;2001;YR2001;8.320972677;0.384568765;1.495770043;15.38713577;98200641189;1.677898308;2350;93638890837;6.518448292;71.502;24.3;39837875;2.144513638;874.9964701;1.575532372
Colombia;COL;2002;YR2002;8.510005177;0.407983683;1.418226358;14.81556968;97945812790;2.503980466;2400;97018118698;5.968190573;71.939;23.6;40454050;2.095281133;882.359121;1.534866916
Colombia;COL;2003;YR2003;8.328774165;0.431416084;1.381373481;16.57529971;94644969146;3.918271904;2400;98456176452;6.829014842;72.361;22.8;41057687;2.0331029;885.5101847;1.481131571
Colombia;COL;2004;YR2004;7.910983162;0.454848485;1.359213785;16.77075142;1.17092E+11;5.333022067;2640;1.10136E+11;7.283033407;72.695;22.2;41648268;1.970499762;921.5509274;1.428170531
Colombia;COL;2005;YR2005;7.527266702;0.478280886;1.37815501;16.97104374;1.45601E+11;4.828761108;3030;1.27738E+11;4.753196107;73.081;21.5;42220940;1.898479988;918.4068379;1.365652339
Colombia;COL;2006;YR2006;7.186769531;0.501713287;1.36051066;17.72858775;1.61793E+11;6.716868698;3540;1.51321E+11;5.807660873;73.468;20.9;42772910;1.822328282;970.661103;1.298865177
Colombia;COL;2007;YR2007;6.934558676;0.525145688;1.378771938;16.43314213;2.0623E+11;6.738194691;4170;1.80466E+11;5.202033812;73.837;20.2;43306582;1.752892764;998.4163608;1.239967443
Colombia;COL;2008;YR2008;6.68738485;0.548717949;1.376187818;18.10959514;2.42504E+11;3.283446186;4770;2.08788E+11;7.677382915;74.295;19.6;43815313;1.671704636;998.3724183;1.167873546
Colombia;COL;2009;YR2009;6.689740696;0.642915778;1.414241941;16.42449569;2.32469E+11;1.139648645;5190;2.30155E+11;4.064225467;74.742;19;44313917;1.626404495;1076.095349;1.131541306
Colombia;COL;2010;YR2010;6.324853876;0.737439947;1.431317954;16.34084476;2.86499E+11;4.494658971;5680;2.54731E+11;3.804860291;75.033;18.4;44816108;1.611612252;1104.491269;1.126884715
Colombia;COL;2011;YR2011;6.091696108;0.831964117;1.539898376;19.27650507;3.34966E+11;6.947891982;6370;2.88424E+11;6.386803373;75.32;17.8;45308899;1.568316264;1148.560242;1.093583074
Colombia;COL;2012;YR2012;5.582687054;0.926488287;1.533846498;18.81120528;3.70691E+11;3.912635767;7330;3.35735E+11;3.616655063;75.597;17.2;45782417;1.505801078;1177.569983;1.039665
Colombia;COL;2013;YR2013;5.392714954;1.021012456;1.680987882;18.08643972;3.82094E+11;5.13399352;8000;3.69804E+11;1.907676432;75.827;16.7;46237930;1.446419694;1317.965575;0.990034781
Colombia;COL;2014;YR2014;5.446957215;1.115536626;1.715820964;16.63474911;3.81241E+11;4.499030001;8260;3.85376E+11;2.235632376;76.043;16.1;46677947;1.393893618;1320.34513;0.947136923
Colombia;COL;2015;YR2015;5.980424808;1.210060795;1.719390231;15.65021151;2.93492E+11;2.955901375;7400;3.48545E+11;2.449328421;76.257;15.6;47119728;1.380494192;..;0.941994067
Colombia;COL;2016;YR2016;6.606412266;1.304584965;1.753795803;14.71713928;2.8272E+11;2.087382502;6530;3.11103E+11;5.148334305;76.471;15.1;47625955;1.498956328;..;1.068611891
Colombia;COL;2017;YR2017;6.389663553;1.285017904;1.565075176;15.14528975;3.11867E+11;1.359360868;6010;2.90429E+11;5.1337359;76.646;14.6;48351671;1.933331802;..;1.512289606
Colombia;COL;2018;YR2018;6.22570969;1.265450844;1.610391517;15.89971968;3.34198E+11;2.564324283;6320;3.11265E+11;4.630579673;76.748;14.1;49276961;2.307438449;..;1.895586751
Colombia;COL;2019;YR2019;6.410720822;1.31631112;1.577820141;15.86803865;3.23032E+11;3.186855392;6590;3.30794E+11;4.002620543;76.752;13.7;50187406;2.233509463;..;1.830746942
Colombia;COL;2020;YR2020;7.466158586;1.357373882;1.552259423;13.53215561;2.70151E+11;-7.252299075;5800;2.95511E+11;1.480214509;74.769;13.3;50930662;1.865109516;..;1.470102032
Colombia;COL;2021;YR2021;7.635340344;..;..;16.32829834;3.18512E+11;11.01619327;6220;3.20384E+11;7.667622015;72.83;12.8;51516562;1.529933014;..;1.143820916
Colombia;COL;2022;YR2022;8.289409737;..;..;20.4823651;3.43939E+11;7.495775781;6510;3.37667E+11;14.18848568;..;..;51874024;1.07001571;..;0.691481571
Ecuador;ECU;2000;YR2000;15.40454427;2.11715642;1.746444999;32.12753529;18327764882;1.091801564;1560;19661166279;-7.714066764;72.839;29.6;12626507;2.550757611;637.6268591;1.71308817
Ecuador;ECU;2001;YR2001;12.65726659;2.141998192;1.887934324;23.22274709;24468324000;4.0156299;1560;20003756341;28.41427846;73.24;28.1;12845521;2.545469735;650.3434154;1.719685589
Ecuador;ECU;2002;YR2002;11.23092289;2.166839964;1.849362949;21.49237389;28548945000;4.096776659;1740;22713168267;12.08527442;73.613;26.7;13070609;2.260407589;692.3166319;1.737093154
Ecuador;ECU;2003;YR2003;10.84329972;2.191681736;1.853654532;22.59840005;32432858000;2.722877337;2130;28267931280;10.59308704;73.975;25.5;13301184;2.072130883;719.4848218;1.748693201
Ecuador;ECU;2004;YR2004;9.691921337;2.216523508;1.934132781;24.5543486;36591661000;8.211020917;2560;34628612049;4.261845701;74.279;24.5;13534593;2.06198227;827.5830681;1.73957986
Ecuador;ECU;2005;YR2005;9.481169299;2.24136528;2.049402717;27.6181741;41507085000;5.291308267;2890;39774151908;7.732711011;74.514;23.5;13770012;2.044166974;797.7480339;1.724433177
Ecuador;ECU;2006;YR2006;9.408136106;2.24136528;2.150486746;30.33307477;46802044000;4.403526434;3110;43595368124;8.000910822;74.689;22.6;14009061;2.038217928;865.5826397;1.721115035
Ecuador;ECU;2007;YR2007;9.355655707;2.24136528;2.14961091;31.93176797;51007777000;2.190063972;3310;47195930839;6.650502273;74.844;21.7;14251835;2.035856558;955.8067435;1.718133581
Ecuador;ECU;2008;YR2008;8.965682892;2.24136528;2.18586216;34.16363955;61762635000;6.3571306;3860;56025570794;13.8473189;74.983;20.8;14496797;2.01930925;1080.307602;1.704205812
Ecuador;ECU;2009;YR2009;9.913941346;2.24136528;2.340029001;25.24910794;62519686000;0.566491592;4070;60034252413;0.655537559;75.184;19.9;14742766;1.994991129;1107.322737;1.682479333
Ecuador;ECU;2010;YR2010;9.733118078;2.24136528;2.485325644;27.89495597;69555367000;3.525298669;4400;65981469619;7.46507997;75.43;19;14989585;1.97184718;1139.591256;1.660310481
Ecuador;ECU;2011;YR2011;9.601116667;2.24136528;2.434523047;31.1211998;79276664000;7.868140919;4880;74351850136;5.662656747;75.743;18.1;15237728;1.898366989;1212.516722;1.641883117
Ecuador;ECU;2012;YR2012;8.642412749;2.24136528;2.395077514;30.16480927;87924544000;5.641962067;5380;83330518510;4.985253061;76.062;17.3;15483883;1.82026264;1276.230258;1.602521872
Ecuador;ECU;2013;YR2013;8.769342903;2.24136528;2.525035157;28.6382883;95129659000;4.946511267;5800;91231515546;3.095049013;76.369;16.6;15722989;1.749693041;1328.055372;1.532423238
Ecuador;ECU;2014;YR2014;9.126508259;2.24136528;2.619452044;28.05185415;1.01726E+11;3.788868549;6100;97416928185;3.030703069;76.622;16;15957994;1.698814561;1375.862154;1.483598602
Ecuador;ECU;2015;YR2015;9.454851422;2.24136528;2.555603263;21.25822138;99290381000;0.098872608;5980;96775306614;-2.491020758;76.789;15.4;16195902;1.696160575;..;1.479835238
Ecuador;ECU;2016;YR2016;9.519016728;2.24136528;2.420480809;19.50479127;99937696000;-1.226383985;5820;95704772391;1.901646775;76.763;14.8;16439585;1.707678065;..;1.493389873
Ecuador;ECU;2017;YR2017;9.329258912;2.24136528;2.308763807;20.83281789;1.04296E+11;2.368386526;5890;98293807219;1.946398244;76.972;14.4;16696944;1.767183166;..;1.553356266
Ecuador;ECU;2018;YR2018;8.949269523;2.24136528;2.366829826;22.60468399;1.07562E+11;1.289291933;6110;1.04E+11;1.818873571;77.094;13.9;17015672;2.127790937;..;1.890909307
Ecuador;ECU;2019;YR2019;8.800531143;2.24136528;2.285055011;23.0483673;1.08108E+11;0.012105103;6100;1.05788E+11;0.495450028;77.297;13.4;17343740;2.167881184;..;1.909683263
Ecuador;ECU;2020;YR2020;9.842730756;2.24136528;1.957575349;21.8579266;99291124000;-7.787607091;5570;97976310134;-0.399099296;72.153;12.9;17588595;1.682826688;..;1.401904626
Ecuador;ECU;2021;YR2021;9.414287639;..;..;26.18836454;1.06166E+11;4.235251242;5960;1.06041E+11;2.579330935;73.67;12.5;17797737;1.485504897;..;1.182063375
Ecuador;ECU;2022;YR2022;8.84162306;..;..;29.17187993;1.15049E+11;2.947668633;6310;1.13583E+11;5.264812773;..;..;18001000;1.459802764;..;1.135599752
Guyana;GUY;2000;YR2000;29.9832313;0.680497925;2.187336556;96.07997321;712667896.7;-1.363803903;870;662571887.2;6.586043726;64.483;46.6;759051;-0.169734933;..;0.136711369
Guyana;GUY;2001;YR2001;29.73738379;0.674124481;2.163438443;92.87428334;712167448.9;2.279521659;870;659405005.1;0.321971564;64.788;45.4;759809;-0.207283489;..;0.099811709
Guyana;GUY;2002;YR2002;30.88166411;0.667751037;2.133172349;92.30318542;726131434.7;1.132626962;870;664936689.9;2.618751572;64.728;44.3;760323;-0.240453384;..;0.067625709
Guyana;GUY;2003;YR2003;32.11281097;0.661377593;2.127111268;89.67669196;743063949;-0.632225388;920;697154093.7;4.718566729;64.6;43.3;760562;-0.711377823;..;0.03142907
Guyana;GUY;2004;YR2004;31.49373198;0.655004149;2.198378799;95.56267318;787814379.2;1.56335211;1010;770958869.9;6.775237839;64.93;42.3;760424;-0.880347745;..;-0.018146124
Guyana;GUY;2005;YR2005;28.88586973;0.648630705;1.950220413;84.62286857;824880550.3;-1.950957595;1070;810508004.6;7.632428919;65.132;41.4;759709;-0.960054081;..;-0.094070723
Guyana;GUY;2006;YR2006;34.00026711;0.63879668;1.757460438;..;2379817987;5.129609348;1450;1100455160;174.8577047;65.667;40.5;758367;-1.042956719;..;-0.176802788
Guyana;GUY;2007;YR2007;30.38474275;0.628962656;2.121818165;..;2730971600;7.191236241;2250;1703923723;8.211010385;66.254;39.7;756521;-1.113876175;..;-0.243714507
Guyana;GUY;2008;YR2008;31.72756477;0.619128631;2.126500033;..;3025187428;1.755223496;3820;2880828170;9.554748586;66.288;38.8;754150;-1.188533399;..;-0.313900505
Guyana;GUY;2009;YR2009;29.42411913;0.609294606;2.165966951;..;3165663153;3.611508472;4160;3127938251;1.153113957;66.563;38.1;751258;-1.258299312;..;-0.38421525
Guyana;GUY;2010;YR2010;28.5284323;0.599460581;2.352219186;..;3432912511;4.138441601;4520;3383181613;3.972252419;66.743;37.4;747932;-1.322514663;..;-0.443706996
Guyana;GUY;2011;YR2011;25.6836014;0.599460581;2.461067143;..;3691384318;5.196251561;4870;3625808896;2.40931983;66.982;36.6;744230;-1.378404916;..;-0.496193791
Guyana;GUY;2012;YR2012;25.4400079;0.599460581;2.689370213;..;4063088529;5.27633062;5360;3989328265;4.727615067;67.23;35.9;743966;-0.035633928;..;-0.035479198
Guyana;GUY;2013;YR2013;25.64757337;0.599460581;2.643226031;..;4167800936;3.653504768;5630;4207074509;-0.536796094;67.473;35;747420;0.463267161;..;0.463194126
Guyana;GUY;2014;YR2014;24.5940865;0.599460581;2.747100777;..;4127660158;1.686027732;5660;4253421682;-2.104954571;67.882;34.1;751115;0.546348641;..;0.493149308
Guyana;GUY;2015;YR2015;25.44300833;0.599460581;2.754761063;..;4279840194;0.68752121;5560;4197315455;3.004190214;68.201;33.1;755031;0.622053167;..;0.520003881
Guyana;GUY;2016;YR2016;20.38724091;0.599460581;3.265238372;..;4482697337;3.807918837;5690;4319882788;0.897726319;68.384;32.2;759087;0.690365369;..;0.535758732
Guyana;GUY;2017;YR2017;22.75792505;0.599460581;3.241131369;..;4748174334;3.734374061;6000;4581606086;2.109123518;68.667;31.3;763252;0.758726349;..;0.547185665
Guyana;GUY;2018;YR2018;19.53579387;0.599460581;3.293512273;..;4787637006;4.441013589;6240;4899561519;-2.887581564;68.896;30.3;785514;3.130889971;..;2.875002859
Guyana;GUY;2019;YR2019;17.59533673;0.599460581;3.500331141;..;5173760192;5.352627426;6500;5188244255;2.961396246;69.124;29.4;798753;1.982664496;..;1.671348097
Guyana;GUY;2020;YR2020;16.85117865;0.599460581;3.472771017;..;5471256595;43.47955594;8190;6527676814;-26.29604987;68.486;28.5;797202;0.16872974;..;-0.194366444
Guyana;GUY;2021;YR2021;13.48893863;..;..;..;8044498801;20.06001095;9410;7567303413;22.46543503;65.673;27.7;804567;1.332754531;..;0.919614739
Guyana;GUY;2022;YR2022;..;..;..;..;15357537068;57.80022;15050;12174631066;20.980389;..;..;808726;0.979457775;..;0.515592544
Paraguay;PRY;2000;YR2000;12.85665776;0.418803419;0.687826795;43.33092603;8855705140;-2.314140568;1500;7669826425;14.66450544;69.75;33.8;5123819;3.08669985;918.4555504;1.926945242
Paraguay;PRY;2001;YR2001;11.37331719;0.561525512;0.693614422;40.64258896;8495806432;-0.834054717;1470;7640911739;13.93560469;69.9;33.1;5211541;2.838665355;906.6416248;1.697552994
Paraguay;PRY;2002;YR2002;11.00964326;0.704247604;0.714157085;47.47507654;7196260657;-0.021404395;1390;7342517315;17.94938421;70.025;32.3;5286512;2.554778533;921.9689655;1.428308174
Paraguay;PRY;2003;YR2003;13.00894327;0.846969697;0.735552619;47.1446576;7691367471;4.320745486;1290;6910098372;15.14432465;70.297;31.5;5353254;1.918470567;879.465088;1.254592919
Paraguay;PRY;2004;YR2004;13.93335049;0.98969179;0.733652566;45.68782467;9624440836;4.057418364;1430;7746203870;11.83500522;70.481;30.7;5416324;1.745265415;872.1782523;1.171275625
Paraguay;PRY;2005;YR2005;12.71395283;1.132413882;0.675293479;47.59359211;10737500188;2.133490665;1620;8848927362;12.95282412;70.527;29.9;5476878;1.682543426;914.0243767;1.111787402
Paraguay;PRY;2006;YR2006;11.7935958;1.275135975;0.714513499;46.29308518;13429430050;4.807117193;1970;10905627855;8.855832654;70.781;29.2;5534675;1.615556004;978.738589;1.04976166
Paraguay;PRY;2007;YR2007;12.70973478;1.417858068;0.665546243;43.37492916;17856393235;5.421622872;2490;13925433949;12.63550564;71.106;28.4;5590145;1.558109951;1050.241094;0.997237882
Paraguay;PRY;2008;YR2008;13.70283196;1.560580161;0.765825803;42.43836871;24615267617;6.49629212;3300;18648780857;12.22475506;71.384;27.6;5645148;1.536864539;1107.145464;0.979118914
Paraguay;PRY;2009;YR2009;10.24980165;1.691122766;0.801024239;38.09725405;22355151178;-0.261137328;3720;21202608131;3.647964919;71.635;26.8;5702574;1.565089236;1174.381955;1.012123671
Paraguay;PRY;2010;YR2010;13.320778;1.821665372;0.874265616;42.13984163;27129301048;11.09523127;4380;25287571571;4.655701383;71.887;26;5768613;1.699644305;1268.762526;1.151401848
Paraguay;PRY;2011;YR2011;14.12502044;1.92542735;0.892890908;40.23885967;33737033607;4.286371207;4810;28115461188;5.095710539;72.131;25.2;5843939;1.840908807;1381.26014;1.297338544
Paraguay;PRY;2012;YR2012;10.37131368;2.062393162;0.874070327;37.9955192;33296438409;-0.708043112;5150;30476215905;4.798275879;72.454;24.4;5923322;1.889868947;1473.328649;1.349238438
Paraguay;PRY;2013;YR2013;13.18518553;2.062393162;0.882701828;38.71366558;38651334593;8.293076489;5960;35795486157;4.337676095;72.757;23.6;6005652;1.863251268;1585.839473;1.380358566
Paraguay;PRY;2014;YR2014;12.09856596;2.062393162;0.924028535;35.4644119;40377987315;5.301238592;6280;38227833001;2.857006485;72.878;22.9;6090721;1.865663945;1682.066869;1.406543969
Paraguay;PRY;2015;YR2015;9.773175311;2.062393162;1.030681699;34.7346587;36211372646;2.957151735;6100;37667800349;1.60388801;73.191;22.2;6177950;1.877359341;..;1.422003571
Paraguay;PRY;2016;YR2016;11.04138737;2.062393162;1.147764782;37.14323291;36089550672;4.268025833;5860;36725065840;4.134754444;73.534;21.4;6266615;1.878253308;..;1.424983522
Paraguay;PRY;2017;YR2017;10.5267434;2.062393162;1.246325175;38.16928454;38997129809;4.810078856;5800;36874608011;2.159209292;73.644;20.8;6355404;1.854919043;..;1.406913816
Paraguay;PRY;2018;YR2018;10.25270136;2.062393162;1.297481674;36.85322354;40225448651;3.204250341;6040;38928717066;1.960248198;73.568;20;6443328;1.837821804;..;1.373970221
Paraguay;PRY;2019;YR2019;9.995011242;2.062393162;1.240668873;36.08729094;37925338460;-0.401855101;5940;38779713666;3.061879455;73.621;19.4;6530026;1.812821758;..;1.336574808
Paraguay;PRY;2020;YR2020;11.08346079;2.062393162;1.144591192;33.27062699;35432177936;-0.819785391;5540;36696962679;2.203921468;73.182;18.7;6618695;1.838800142;..;1.34872957
Paraguay;PRY;2021;YR2021;11.61831033;..;..;35.48709251;39950899733;4.016737318;5740;38455500004;8.448126027;70.262;18.2;6703799;1.779703817;..;1.277616002
Paraguay;PRY;2022;YR2022;11.32977448;..;..;34.47833501;41722295362;0.075439465;5920;40147323630;7.568506476;..;..;6780744;1.655165992;..;1.141244982
Peru;PER;2000;YR2000;8.069374917;..;1.074275095;16.76837372;51744749133;2.694371398;1960;52195930380;3.524720039;70.424;38.1;26654439;2.084718045;661.3157381;1.520442271
Peru;PER;2001;YR2001;7.893626696;..;0.982316838;16.60137952;52030158775;0.617892326;1880;50905855268;0.455248303;71.041;35.1;27014909;1.897624903;686.361742;1.343319545
Peru;PER;2002;YR2002;7.523963236;..;1.014505367;17.27480785;54777553515;5.453528938;1940;53037303573;0.109017024;71.661;32.5;27334503;1.721918291;720.9569532;1.176085157
Peru;PER;2003;YR2003;7.312919344;..;0.983143205;19.01466695;58731030122;4.165023137;2060;56832685989;1.803724665;72.217;30.2;27623341;1.589965465;745.9995516;1.051135337
Peru;PER;2004;YR2004;6.934433062;..;1.11985372;22.91223375;66768703498;4.958203206;2260;63099778745;6.279038577;72.668;28.2;27893911;1.505317954;784.9741831;0.974731755
Peru;PER;2005;YR2005;6.854264623;..;1.11171717;26.84876111;76060606061;6.285060325;2520;70827222032;3.5037224;72.986;26.5;28147267;1.425302133;821.3230791;0.904184156
Peru;PER;2006;YR2006;6.60348433;..;1.086769854;30.53663645;88643193062;7.528899044;2780;78933953914;7.656248079;73.172;24.9;28381078;1.341682209;874.1387484;0.827239267
Peru;PER;2007;YR2007;6.705808385;..;1.182095893;31.52211653;1.02171E+11;8.518387769;3180;90997346226;1.490675955;73.223;23.4;28600387;1.274968853;957.7143134;0.76975937
Peru;PER;2008;YR2008;7.160941146;0.826325411;1.329318686;29.72763021;1.20551E+11;9.126568301;3760;1.08209E+11;1.103276292;73.377;22.1;28806185;1.044934386;1033.528043;0.716987183
Peru;PER;2009;YR2009;7.403906656;0.971485447;1.419219461;26.44205274;1.20823E+11;1.095823659;3940;1.14223E+11;2.063698334;73.466;20.9;29009326;0.950928331;1040.355091;0.702724347
Peru;PER;2010;YR2010;6.827997236;1.11634079;1.539485423;27.82616415;1.47528E+11;8.332459107;4380;1.27971E+11;5.710728594;73.711;19.9;29229572;1.003950159;1099.7082;0.756357203
Peru;PER;2011;YR2011;7.100110137;1.261196133;1.642847492;30.50275976;1.71762E+11;6.327192402;4930;1.45319E+11;6.745787125;74.133;19;29477721;1.089748868;1253.556881;0.845382116
Peru;PER;2012;YR2012;6.725234241;1.406051476;1.617521506;27.44961437;1.9265E+11;6.139724706;5740;1.70806E+11;1.20258494;74.544;18.3;29749589;1.161830437;1227.983351;0.918055909
Peru;PER;2013;YR2013;6.668310165;1.550906819;1.656254081;24.80829942;2.01176E+11;5.852518211;6360;1.91006E+11;1.057234351;74.967;17.6;30038809;1.208072392;1289.831431;0.96748622
Peru;PER;2014;YR2014;6.804247414;1.695762162;1.751594051;22.60697038;2.00786E+11;2.382157372;6470;1.9635E+11;2.432441085;75.333;17.1;30353951;1.282361389;1334.192046;1.043651128
Peru;PER;2015;YR2015;7.04564406;1.840617505;1.776300578;21.28732529;1.89803E+11;3.252244772;6290;1.93151E+11;2.690520901;75.621;16.5;30711863;1.410371138;..;1.172230664
Peru;PER;2016;YR2016;6.935034617;1.985472848;1.826380485;22.60031374;1.91898E+11;3.953318715;6070;1.89103E+11;3.08088269;75.789;16.1;31132779;1.59622338;..;1.361225438
Peru;PER;2017;YR2017;6.77975956;2.130328191;1.717243013;24.71987197;2.11008E+11;2.518835442;6030;1.90677E+11;3.615658261;75.879;15.7;31605486;1.740104185;..;1.506946185
Peru;PER;2018;YR2018;6.885842851;2.275183534;1.695130882;25.19218467;2.22597E+11;3.969351341;6430;2.07219E+11;2.277415318;76.009;15.3;32203944;2.116140196;..;1.87582164
Peru;PER;2019;YR2019;6.853031035;2.349177331;1.735641775;24.03908743;2.28326E+11;2.240631769;6770;2.22362E+11;1.872216268;76.156;14.9;32824861;2.155867974;..;1.909725608
Peru;PER;2020;YR2020;7.695435643;2.349177331;1.398566019;22.71112717;2.01948E+11;-10.86964078;6000;1.99896E+11;3.921897615;73.665;14.5;33304756;1.70460744;..;1.451402401
Peru;PER;2021;YR2021;7.218461347;..;..;29.49320912;2.23718E+11;13.41753029;6420;2.16353E+11;8.451485679;72.377;14.1;33715471;1.484594177;..;1.225660252
Peru;PER;2022;YR2022;..;..;..;29.31772656;2.42632E+11;2.683871435;6770;2.30634E+11;4.38465878;..;..;34049588;1.250729817;..;0.986112054
Uruguay;URY;2000;YR2000;5.9941938;3.969631236;1.657997755;16.69809895;22823271521;-1.929930635;7120;23456558689;3.539308493;75.025;17;3292224;0.713783964;2048.159542;0.403611037
Uruguay;URY;2001;YR2001;5.586703233;3.969631236;1.49845241;16.80465927;20898762265;-3.844129959;6550;21630712646;4.826618333;75.285;16.6;3300939;0.562747242;2016.092997;0.264364921
Uruguay;URY;2002;YR2002;7.529659045;3.969631236;1.370234642;20.62167248;13606515936;-7.732007215;5170;17093994897;12.61627664;75.54;16.2;3306441;0.454286872;2010.621088;0.166541088
Uruguay;URY;2003;YR2003;9.638783006;3.969631236;1.355234514;27.43242014;12045638210;0.805283916;4260;14114181108;16.54163515;75.785;15.8;3310202;0.393085536;1893.237935;0.113683039
Uruguay;URY;2004;YR2004;10.99679087;3.969631236;1.647624586;32.1122956;13686329890;5.004160356;4140;13713762752;10.105056;76.007;15.2;3313801;0.377638777;1934.938157;0.10866542
Uruguay;URY;2005;YR2005;8.745836743;3.969631236;1.632413158;30.40401982;17362857684;7.46013213;4730;15683843918;0.677868374;76.194;14.4;3317665;0.375119849;2004.421785;0.116535331
Uruguay;URY;2006;YR2006;8.91384523;3.969631236;1.905948983;30.2975044;19741420467;4.098577354;5410;17982123192;7.41439913;76.362;13.6;3322282;0.389484489;2226.782675;0.139067397
Uruguay;URY;2007;YR2007;8.499364189;3.969631236;1.7588807;29.09048725;23797773024;6.541510845;6450;21458528138;10.31496818;76.498;12.7;3328651;0.432832591;2421.401342;0.19152206
Uruguay;URY;2008;YR2008;9.168924036;3.969631236;2.32308372;30.20302397;31119603034;7.176144665;7850;26179934315;8.902388578;76.623;11.9;3336126;0.457566063;2597.623711;0.224313676
Uruguay;URY;2009;YR2009;7.886996096;3.969631236;2.292327272;27.09921575;32708318594;4.243494195;9040;30246695771;8.617074545;76.738;11.3;3344156;0.464623764;2674.51638;0.240409128
Uruguay;URY;2010;YR2010;7.202064507;3.969631236;1.874277997;26.34299454;41950361212;7.803409651;10820;36261110832;5.746856984;76.858;10.8;3352651;0.471068347;2821.349434;0.253703132
Uruguay;URY;2011;YR2011;8.829161999;3.969631236;2.26255839;26.42214942;50342405198;5.162133025;12600;42355223734;9.875420246;76.983;10.4;3361637;0.477160589;2828.383909;0.267668154
Uruguay;URY;2012;YR2012;8.121772485;3.969631236;2.526657951;25.91962942;54232266359;3.538178721;14080;47470995111;9.412912474;77.111;10;3371133;0.416235193;2953.309763;0.282083193
Uruguay;URY;2013;YR2013;7.616200627;3.969631236;2.176045049;23.35313642;61337620936;4.637538629;16310;55134831559;8.999246669;77.24;9.7;3381180;0.407306701;3008.712935;0.297587135
Uruguay;URY;2014;YR2014;6.735462172;3.969631236;1.91658249;23.54266161;61496186974;3.23879123;16960;57521641533;10.2206566;77.366;9.3;3391662;0.416989737;3093.173789;0.309530574
Uruguay;URY;2015;YR2015;6.131441943;3.969631236;1.956378507;22.47785125;57680328702;0.370741258;16900;57498586628;9.855420322;77.483;8.9;3402818;0.433656929;..;0.328384513
Uruguay;URY;2016;YR2016;6.678720208;3.969631236;1.911408105;26.9316811;57480788380;1.689798159;16320;55711409590;8.16545834;77.571;8.4;3413766;0.425349928;..;0.321216886
Uruguay;URY;2017;YR2017;5.309238136;3.969631236;1.783589504;25.93116122;65006047680;1.740376493;16550;56644986606;5.680183916;77.625;7.9;3422200;0.347579383;..;0.246753839
Uruguay;URY;2018;YR2018;5.718803255;3.969631236;1.910014526;26.5005732;65203071111;0.156000001;17510;60022049770;7.302102491;77.611;7.3;3427042;0.240039132;..;0.141387932
Uruguay;URY;2019;YR2019;6.556707644;3.969631236;1.985381557;27.810397;62048585619;0.744431645;18170;62288404015;8.385847753;77.508;6.8;3428409;0.136356775;..;0.039880674
Uruguay;URY;2020;YR2020;6.491434616;3.969631236;1.89971905;25.20863144;53666908480;-6.262976819;16080;55125243483;9.957512111;78.43;6.3;3429086;0.112939219;..;0.019744819
Uruguay;URY;2021;YR2021;8.128929945;..;..;30.48206444;61412268249;5.276558867;16150;55340341992;12.68088251;75.436;5.8;3426260;0.009647532;..;-0.082446609
Uruguay;URY;2022;YR2022;7.271275646;..;..;31.32223241;71177146197;4.921874463;18030;61716986463;4.413071553;..;..;3422794;-0.012334353;..;-0.101211066
Venezuela;VEN;2000;YR2000;3.932985731;1.125329193;5.383910228;29.74421966;1.17146E+11;3.686944167;4080;99732734567;29.45282511;72.478;21.5;24427729;2.244044224;2641.915669;1.904270627
Venezuela;VEN;2001;YR2001;4.231512485;1.371843478;5.4581709;22.73563157;1.22911E+11;3.394236108;4560;1.13334E+11;7.996904056;71.201;20.9;24880203;2.167146396;2706.730327;1.835350553
Venezuela;VEN;2002;YR2002;3.847046192;1.618357764;5.556353658;30.43357055;92893587734;-8.855647353;3950;1.00163E+11;33.02287608;72.662;20.3;25330929;1.824963525;2733.456795;1.795371222
Venezuela;VEN;2003;YR2003;4.31314644;1.86487205;5.266078942;33.85338941;83620628582;-7.75530005;3460;89286149386;34.93375574;71.94;19.8;25782029;1.794738905;2640.909294;1.765155962
Venezuela;VEN;2004;YR2004;3.718817184;2.111386335;5.323029267;36.19835357;1.12451E+11;18.28660669;4070;1.06853E+11;33.95372434;72.514;19.1;26226927;1.740466211;2772.150927;1.710893225
Venezuela;VEN;2005;YR2005;3.695183232;2.357900621;5.52610102;39.65865274;1.45513E+11;10.3179138;4930;1.31579E+11;29.60405935;72.782;18.5;26668785;1.700281141;2860.910236;1.670714926
Venezuela;VEN;2006;YR2006;3.656804634;2.583987578;5.44357092;36.51862161;1.83478E+11;9.872149109;6070;1.64619E+11;17.90431555;72.742;17.9;27102081;1.641231213;2971.432341;1.611673425
Venezuela;VEN;2007;YR2007;3.813539389;2.810074534;5.173046257;31.13053886;2.30364E+11;8.753578808;7550;2.07833E+11;15.44847776;73.058;17.5;27525097;1.578316994;2988.726979;1.548769207
Venezuela;VEN;2008;YR2008;4.158416116;2.810074534;5.409644283;30.82166901;3.15953E+11;5.277854124;9300;2.59751E+11;30.13245285;72.436;17.2;27933833;1.502444466;3091.913666;1.474039982
Venezuela;VEN;2009;YR2009;5.662177795;2.810074534;5.386433272;18.07151887;3.29788E+11;-3.202302657;10270;2.90886E+11;7.83166636;72.579;17.1;28327892;1.430358922;3058.575626;1.400829583
Venezuela;VEN;2010;YR2010;5.375265166;2.810074534;5.714834556;28.53040699;3.93192E+11;-1.488791251;11690;3.35817E+11;45.9432687;72.89;17.1;28715022;1.386871897;3165.068096;1.357349815
Venezuela;VEN;2011;YR2011;5.012930064;2.810074534;5.500368623;29.94301461;3.16482E+11;4.176425359;11890;3.46032E+11;28.14919095;72.913;17.2;29096159;1.346955693;3233.313373;1.318577187
Venezuela;VEN;2012;YR2012;5.016368634;2.810074534;6.14612086;26.17101425;3.81286E+11;5.625956975;12660;3.73061E+11;14.05943006;73.036;17.3;29470426;1.2951321;3292.113931;1.278107969
Venezuela;VEN;2013;YR2013;4.902550073;2.810074534;6.046734802;24.7649783;3.71005E+11;1.343094036;11950;3.56607E+11;35.50267463;73.196;17.6;29838021;1.250965113;3292.711671;1.239620074
Venezuela;VEN;2014;YR2014;5.026753566;2.810074534;5.936295447;16.69382735;4.82359E+11;-3.894386475;13010;3.92925E+11;40.44049011;72.853;18;30193258;1.195999461;2705.604013;1.183520166
Venezuela;VEN;2015;YR2015;..;2.810074534;5.343217081;..;..;..;..;..;..;73.006;19.1;30529716;1.119531254;..;1.108184995
Venezuela;VEN;2016;YR2016;..;2.810074534;4.894584721;..;..;..;..;..;..;72.058;24.2;30741464;0.70366356;..;0.691185784
Venezuela;VEN;2017;YR2017;..;2.810074534;4.573681235;..;..;..;..;..;..;71.943;24.2;30563433;-0.560394033;..;-0.580806784
Venezuela;VEN;2018;YR2018;..;2.810074534;4.363961453;..;..;..;..;..;..;71.979;24.2;29825653;-2.415196646;..;-2.443543225
Venezuela;VEN;2019;YR2019;..;2.810074534;3.71059907;..;..;..;..;..;..;72.161;24.2;28971683;-2.868724752;..;-2.904995745
Venezuela;VEN;2020;YR2020;..;2.810074534;2.545027978;..;..;..;..;..;..;71.095;24.2;28490453;-1.630797425;..;-1.674985598
Venezuela;VEN;2021;YR2021;..;..;..;..;..;..;..;..;..;70.554;24.2;28199867;-0.973082845;..;-1.025178708
Venezuela;VEN;2022;YR2022;..;..;..;..;..;..;..;..;..;..;..;28301696;0.420433261;..;0.360447056
Suriname;SUR;2000;YR2000;9.539245695;0.676767677;3.090660086;..;947671969.7;2.099998868;1940;929683323.8;60.74282138;65.508;31.3;478998;1.908662522;2227.566712;1.798973373
Suriname;SUR;2001;YR2001;9.0948679;0.667659933;3.119775787;..;834279357.8;4.200000421;1630;796422432.4;39.53022823;65.482;30.3;487394;1.847624022;2306.142464;1.737640886
Suriname;SUR;2002;YR2002;6.704774505;0.658552189;2.250830196;..;1093574468;2.800000689;1870;928634466.5;37.45328232;65.531;29.3;495666;1.794111421;2475.457264;1.68294819
Suriname;SUR;2003;YR2003;6.479723876;0.649444444;2.449402517;..;1274190311;6.299999433;2130;1071714238;21.31797822;65.596;28.4;503780;1.733313256;2399.85708;1.623735204
Suriname;SUR;2004;YR2004;5.224880586;0.6403367;2.728234216;..;1484092538;8.500000185;2730;1392461562;12.83792785;66.416;27.5;510572;1.448486705;2506.992158;1.339200102
Suriname;SUR;2005;YR2005;4.9193713;0.631228956;3.268490179;..;1793410617;4.500000211;3210;1658315188;15.53981194;67.002;26.7;516220;1.017869529;2675.215993;1.100136535
Suriname;SUR;2006;YR2006;9.991673605;0.622121212;2.929506937;52.74771024;2626380435;5.793543585;3910;2038948387;39.03612463;67.571;25.9;522023;1.017390982;2674.211673;1.117861701
Suriname;SUR;2007;YR2007;10.14762436;0.622121212;2.673152178;54.12479841;2936612022;5.111487778;4890;2580911421;6.425201252;68.204;25.2;527946;1.025931714;2680.198354;1.128235753
Suriname;SUR;2008;YR2008;8.929676222;0.622121212;2.725953201;56.90864096;3532969035;4.143406812;6130;3271821457;15.52114322;68.816;24.5;533938;1.026501002;2936.67055;1.12857216
Suriname;SUR;2009;YR2009;9.842075578;0.622121212;2.679268205;44.1248355;3875409836;3.013698983;6740;3641823424;6.483624248;69.505;23.9;539987;1.025552276;2931.552056;1.126533784
Suriname;SUR;2010;YR2010;9.472192112;0.622121212;3.19526443;52.54731927;4368371528;5.168825152;7380;4031993461;7.196554191;69.894;23.3;546080;1.019557817;2887.855259;1.122041996
Suriname;SUR;2011;YR2011;8.732355383;0.622121212;3.536618938;..;4422276622;5.849367672;7680;4240253993;13.84444685;69.914;22.7;552146;1.002162924;3214.729438;1.10470189
Suriname;SUR;2012;YR2012;8.385055373;0.622121212;4.374810746;..;4980000000;2.690349747;8290;4626182024;10.7352006;69.764;22.1;558111;0.971924317;3214.414337;1.074536327
Suriname;SUR;2013;YR2013;8.485954891;0.622121212;4.060328364;..;5145757576;2.933441652;8690;4898303143;0.383766168;69.682;21.6;563947;0.937638602;3523.380743;1.040240812
Suriname;SUR;2014;YR2014;9.384757719;0.622121212;4.599057018;..;5240606061;0.255503032;8990;5123441781;1.583687158;69.782;21;569682;0.934506435;3493.176895;1.011803496
Suriname;SUR;2015;YR2015;10.4084313;0.622121212;4.733654807;..;5126238146;-3.411096013;8640;4971155658;4.852477354;70.8;20.5;575475;0.961900435;..;1.011747632
Suriname;SUR;2016;YR2016;10.76804366;0.622121212;5.081899999;..;3317421500;-4.915786469;6740;3920674560;24.07474753;71.592;19.9;581453;1.009263561;..;1.033435651
Suriname;SUR;2017;YR2017;10.91722623;0.622121212;4.160143917;..;3591679371;1.567191065;5770;3387466350;28.14365052;72.417;19.4;587559;1.046093718;..;1.044652327
Suriname;SUR;2018;YR2018;10.03296998;0.622121212;3.615421541;..;3996198760;4.948270766;5790;3437579134;5.660594092;72.553;18.8;593715;1.070965509;..;1.042273974
Suriname;SUR;2019;YR2019;8.596906948;0.622121212;4.42581305;..;4016040575;1.168797882;6020;3612321181;5.177652595;72.242;18.3;600301;1.156193605;..;1.103178985
Suriname;SUR;2020;YR2020;8.136028415;0.622121212;4.285076557;..;2911807496;-15.97519639;4500;2730334701;45.21776444;72.561;17.7;607065;1.202014633;..;1.120467326
Suriname;SUR;2021;YR2021;9.188493633;..;..;..;2984706244;-2.729618827;4410;2702729574;56.11973655;70.274;17.2;612985;1.076445724;..;0.970459647
Suriname;SUR;2022;YR2022;..;..;..;..;3620655116;1.88771872;4880;3016805233;49.33298304;..;..;618040;0.954014569;..;0.821271447
